region,cs,tweet,lat,lon,language,bucketed_lat,bucketed_lon
n,True, Giduka kos tambal. Good night. \ud83d \ude0c,9.516111,123.162535,Cebuano,9.0,123.0
n,True, Kagwapo ani niya \ud83d \ude0d \ud83d \ude0d \ud83d \ude0d \ud83d \ude0d \ud83d \ude0d http://t.co/6BRO5vGb06,9.514999000000001,123.15950900000001,0,9.0,123.0
n,True, his first love &lt;3,9.368703,122.80356100000002,0,9.0,122.0
n,True, Keep SMILING! \ud83d \ude03 \ud83d \ude03 @ Poblacion Amlan Negros Oriental http://t.co/e2FF0nLPZ5,9.46466,123.222802,0,9.0,123.0
n,True, @ToniOfGlobe okay. Thank u!,9.516110000000001,123.162573,0,9.0,123.0
n,True, Hilantan kog samot nimo gurl,9.515006,123.15951299999999,Cebuano,9.0,123.0
n,True, But I'm in so deep. You know I'm such a fool for you you got me wrapped around your finger.,9.513577,123.160069,0,9.0,123.0
n,True, #ShareACoke with #Keisha http://t.co/WvClGRmA5A,9.513439,123.16163,0,9.0,123.0
n,True, Best moments happen when they're unplanned :) #YOLO http://t.co/1kTm2wBMu4,9.470794999999999,123.146196,0,9.0,123.0
n,True, Nakakainis yung girlfriend ng hinahandle kong boy character. Demanding. \ud83d \ude12 \ud83d \ude12,9.324752,122.86873100000001,Tagalog,9.0,122.0
n,True, Steal my girl. \ud83c \udfa7 \ud83c \udfb6,9.516110000000001,123.162573,0,9.0,123.0
n,True, just look at the mess we've made. we both know tha we cant stay. &lt;/3,9.46186,123.226859,0,9.0,123.0
n,True, @gesmundochay DM mo na. \ud83d \ude02,9.324752,122.86873100000001,Cebuano,9.0,122.0
n,True, Yay Rizza!!!!,9.515008,123.15951499999998,0,9.0,123.0
n,True, @JesusGraces: Team JESUS!! \n  \n You can get it here --&gt; http://t.co/Avrv8LCyEj http://t.co/7zpCG374vF \n  \n @BLLRDPRNCSS @raetbaguio,9.466097,123.218502,0,9.0,123.0
n,True, @ToniOfGlobe okay. Thank u! Got the confirmation email.,9.516110000000001,123.162573,0,9.0,123.0
n,True, Next time Twin Lakes. This would do for now \ud83d \ude0a \u2614 \ufe0f @ Azalea Casitas And Restaurant San Jose Negros \u2026 http://t.co/inx3LHTMSz,9.386766,123.224379,0,9.0,123.0
n,True, \ud83d \ude1c @ Boardwalk - Tanjay Mangrove Forest http://t.co/n5utsnMdnb,9.521745,123.147874,0,9.0,123.0
n,True, @MadsOfGlobe yesss. But then again no email from u guys. Hay,9.516109,123.162573,Cebuano,9.0,123.0
n,True, Samot ni atong hilanat anj,9.515006,123.15951299999999,0,9.0,123.0
n,True, 'Inday naa na kay uyab?' 'Uhh \ud83d \udc40' hahaha,9.515006,123.15951399999999,0,9.0,123.0
n,True, @_wonderwall23: Oh. \ud83d \ude33 http://t.co/9i4Oye4ZRj,9.324752,122.86873100000001,0,9.0,122.0
n,True, @ToniOfGlobe No advice. Wala namang dumating dito eh para ayusin.,9.516110000000001,123.16257399999999,Tagalog,9.0,123.0
n,True, #goodmorning :),9.541466,123.099777,0,9.0,123.0
n,True, *ani,9.515006,123.15951299999999,0,9.0,123.0
n,True, @MadsOfGlobe done. \u00fc,9.516109,123.162573,0,9.0,123.0
n,True, Regards kuno c xam2 sa iya Tito Monkey ug Tito Pogi hahahaha \ud83d \ude1d \ud83d \ude48 \ud83d \udc35 \ud83d \udc12 \u270c \ufe0f \u270c \ufe0f \u270c \ufe0f \u270c \ufe0f \u270c \ufe0f \u270c \ufe0f #PeaceYow @ \u2026 http://t.co/RJLjp1tJAu,9.521745,123.147874,Cebuano,9.0,123.0
n,True, Kalami pagbalik skwela case pres dayon yeah,9.515006,123.15951299999999,Cebuano,9.0,123.0
n,True, Guba diet. @ Tanjay City Negros Oriental http://t.co/CblBfDCspG,9.515697,123.15991299999999,Cebuano,9.0,123.0
n,True, Gasoline Boy Station - Mama \n - unsa jud na ma? \ud83d \ude02 \ud83d \ude02,9.527016999999999,123.165853,Cebuano,9.0,123.0
n,True, Samoka ning mga baboy mga feeler ba haha,9.515006,123.15951299999999,Cebuano,9.0,123.0
n,True, Just woke up. Good morning for me. \ud83d \ude0a,9.516112,123.162535,0,9.0,123.0
n,True, So funny hearing my mom talking about her Daydreams! Soo cute! \ud83d \udc9e \ud83d \udc8b \ud83d \ude02 \ud83d \ude01,9.527016999999999,123.165853,0,9.0,123.0
n,True, We don't remember days we remember moments :) http://t.co/im1sK4fPXU,9.470794999999999,123.146196,0,9.0,123.0
n,True, Just got home! \ud83c \udfe0 #tired @ Poblacion Amlan Negros Oriental http://t.co/R2jbqpk8CI,9.46466,123.222802,0,9.0,123.0
n,True, Lami lagi iskwela balik oi.,9.516110000000001,123.16257399999999,0,9.0,123.0
n,True, Naa na tawon koy motivation. Weeee. Sa wakas! \ud83d \ude09,9.516109,123.162573,Cebuano,9.0,123.0
n,True, Running GEEK by new balance from the kingdom of Saudi Arabia. http://t.co/SFpejbcBjL,9.365188999999999,122.80655700000001,0,9.0,122.0
n,True, @iRONisms katong naa pa tay Monday. :))))),9.516111,123.16257399999999,Cebuano,9.0,123.0
n,True, @ltsEvanPeters: Taissa Farmiga and Evan Peters \ud83d \ude29 \ud83d \ude0d http://t.co/OrzvCMiCZi This. Forever pls \ud83d \ude0d \u2764,9.460386999999999,123.22977900000001,0,9.0,123.0
n,True, Excited nako mag next year. Eh kasi 21st birthday ko na. Hahaha. \ud83d \ude02,9.291103,123.277188,Tagalog,9.0,123.0
n,True, @kathnielglaze: KINIKILIG NA AKO KAHIT LIKOD PALANG \u2764 \ud83d \ude0d http://t.co/4KZxjeMKrD #KathNielASAPPop -mars,9.313211,123.275857,0,9.0,123.0
n,True, @thejairusaquino follow me back jairus please T.T ,9.313211,123.275857,Cebuano,9.0,123.0
n,True, @dxnielliekwxng: Kadaming categories naman for kn \ud83d \ude02 #KathNielASAPPop,9.31321,123.27585800000001,Cebuano,9.0,123.0
n,True, I'm at Pops Place https://t.co/hl8zvUCuUU,9.299845,123.303005,0,9.0,123.0
n,True, Ang ganda ng pangalan at DP. Hahaha http://t.co/64Xou90Dfn,9.290367,123.27611499999999,0,9.0,123.0
n,True, It's hard to be away from you.,9.312884,123.30191599999999,0,9.0,123.0
n,True, Such a charmer \ud83d \ude06 ,9.314619,123.30611999999999,0,9.0,123.0
n,True, @nuj_ram pyrrrr. Tax pd haaa,9.293607000000002,123.27695800000001,Cebuano,9.0,123.0
n,True, tan \u2600 http://t.co/o5V75ecw5l,9.294889,123.30063799999999,0,9.0,123.0
n,True, 28S \ud83d \ude02,9.313211,123.275856,0,9.0,123.0
n,True, Weh. ,9.313211,123.275856,0,9.0,123.0
n,True, Pastilan pud ka kaulawi pud imong kaugalingon \ud83d \ude12,9.31289,123.30189399999999,0,9.0,123.0
n,True, OMG! Piper from orange is the same girl from the lucky ones!! Now rako haha. So thats why she looks familiar @iloveLYKAJEAN @renemaverick,9.277695,123.24466100000001,0,9.0,123.0
n,True, Makahiubos ning dulaa! #monsu ,9.311961,123.30291899999999,0,9.0,123.0
n,True, Miss youuu doijjjjjj,9.312882,123.301883,0,9.0,123.0
n,True, Never blend in \ud83d \udc51,9.288152,123.29438600000002,0,9.0,123.0
n,True, I could be the one to set you free xx \ud83d \ude09 http://t.co/t51DuoQ11N,9.315818,123.304278,0,9.0,123.0
n,True, The best of me to start the sem \ud83d \ude08 (@ Robinsons Place Dumaguete in Dumaguete City Negros Oriental) https://t.co/u0lKKsnLn2,9.298333999999999,123.303756,0,9.0,123.0
n,True, @JoToms17 Idk wtf how this came to be,9.310744,123.307375,0,9.0,123.0
n,True, @aikaroca1 lol \ud83d \ude02 \ud83d \ude02 \ud83d \ude02 \ud83d \ude02 \ud83d \ude02,9.313211,123.275857,0,9.0,123.0
n,True, @imVellaCaryl who goat,9.313211,123.275856,0,9.0,123.0
n,True, Goodmorning \ud83c \udf00 class at 7 \ud83d \ude36,9.314312,123.30481699999999,0,9.0,123.0
n,True, All Aboard!!! #SchoolBus #SillimanUniversity @ Silliman University http://t.co/1o5jhrk0Q8,9.312629,123.30590600000001,0,9.0,123.0
n,True, @notesforgirlz: I might die if someone did this for me. Holy cow \ud83d \ude0d http://t.co/kNmLi88EF5 ,9.309892,123.283054,0,9.0,123.0
n,True, Goodluck,9.316728999999999,123.30617600000001,0,9.0,123.0
n,True, The real kind of forever \ud83d \udc6f \n Repost from @nikkidgtn @ Tops Lookout Busay Cebu http://t.co/bkZRrpaEtp,9.311511999999999,123.308246,0,9.0,123.0
n,True, @imbeatriz26 followback? \u263a \ud83d \ude0a,9.313211,123.275857,0,9.0,123.0
n,True, Feeling comfy in bed ~ @ Dumaguete City http://t.co/67RyhSWNzh,9.31667,123.3,0,9.0,123.0
n,True, NW: BIG HERO 6 \ud83c \udfac \ud83d \udcf9 \ud83c \udfa5 \ud83d \ude0a \n  \n #mOvieTime \n #enjOyingRD \n #enjOyingLIFE @ Robinsons Movie World Dumaguete http://t.co/kqRWby1th0,9.298156,123.303894,0,9.0,123.0
n,True, Good morning 25th of September!!!!,9.309954,123.28304299999999,0,9.0,123.0
n,True, @mykathniel2six: Yong prod nila scripted? HAHAHAHA May masabi lang ang mga insecure ano? \ud83d \ude0f,9.313211,123.275857,Tagalog,9.0,123.0
n,True, I crave you in ways where I just want to be next to you and nothing more or less.,9.312878,123.30191299999998,0,9.0,123.0
n,True, I'm at Aqua Gym in Dumaguete City https://t.co/0fc9Y5Vlgo,9.313654,123.30114099999999,0,9.0,123.0
n,True, Ang jeje talaga nila \ud83d \ude02 \ud83d \ude4a \ud83d \ude4a ,9.313211,123.275856,0,9.0,123.0
n,True, Meet me in the pouring rain \n kiss me on the sidewalk \n take away the pain \ud83c \udfb6,9.279187,123.24183000000001,0,9.0,123.0
n,True, @imshairapadilla hindi talaga ako makakaget-over nito \ud83d \ude0d,9.269247,123.292798,Tagalog,9.0,123.0
n,True, I just dunno what's going on with this phone why won't send messages \ud83d \ude29,9.312316000000001,123.30401200000001,0,9.0,123.0
n,True, Table for 1 @ Mooon Cafe Silliman Ave. Dumaguete City http://t.co/mWXrkt5SMT,9.310449,123.30869299999999,0,9.0,123.0
n,True, @knswaggies: @armandcruz3: The Teen King http://t.co/syTCkUVYTw http://t.co/PxQqmE0kAM,9.313211,123.275857,Cebuano,9.0,123.0
n,True, I thank Daddy God because i'm blessed with good and bad friends! Ahaha! \u270c \ufe0f @honeyfrances @hazeltanya \u2026 http://t.co/gggxlQ3gw5,9.310383,123.30881000000001,0,9.0,123.0
n,True, How can you make up from the mistakes you've done to someone who is now gone?,9.283866,123.250973,0,9.0,123.0
n,True, Hi ati chiz gilbert diay ni HEHEHEHE @chezkerls http://t.co/aECh10GABQ,9.316728999999999,123.306175,Cebuano,9.0,123.0
n,True, I have died everyday waiting for you,9.312882,123.301883,0,9.0,123.0
n,True, I need a @Viva_Ent concert!!Imagine Sarah G. &amp; JaDine singing dancing w/ other co-artists \ud83d \ude0d \ud83d \ude18 #TeamLive #popsters #JaDine #fangirling,9.306389,123.30242,0,9.0,123.0
n,True, I'm at Zanzibar in Dumaguete City Negros Oriental 6200 https://t.co/GE1MfJOc2T,9.308091000000001,123.309253,0,9.0,123.0
n,True, I'm at The Bean Connection in Dumaguete City Negros Oriental https://t.co/HPPDLfyD4T,9.310294,123.307193,0,9.0,123.0
n,True, \u201cThe Filipino is worth dying for \u201d ~Benigno \u201cNinoy \u201d S. Aquino Jr. @ Freedom Park Dumaguete City http://t.co/bq8x9S1Qvi,9.31325,123.302653,0,9.0,123.0
n,True, Sgeg reklamo ui samoka \ud83d \ude0f asa dgay gikan inyung sweldo? Nga sa amo raman pung tuition! \ud83d \ude21,9.31437,123.305702,Cebuano,9.0,123.0
n,True, If that's what you want then fiiiiiiiine OKAY :),9.316730999999999,123.30617600000001,0,9.0,123.0
n,True, Mingaw ko n i y a.,9.313855,123.301604,0,9.0,123.0
n,True, @heyimsofhia followback ate \ud83d \ude0a \ud83d \ude0a,9.313213000000001,123.275857,Cebuano,9.0,123.0
n,True, @julestrada: @ImPascualInigo brah im calling u,9.313211,123.275857,0,9.0,123.0
n,True, I have cookies inside my bag and I'm in school why do I get afraid of getting it out ? \ud83d \ude02 \ud83d \ude02 \ud83d \ude02 \ud83d \ude02,9.312315,123.30401200000001,0,9.0,123.0
n,True, Oh good morning. Time flies so fast.,9.31677,123.30496699999999,0,9.0,123.0
n,True, The kind of OT with no extra pay \ud83d \ude1e #studentlife #work #life #tired @ Lexie's Mansion http://t.co/Pf6LHgTGzU,9.277142999999999,123.242644,0,9.0,123.0
n,True, Back in the IPR. \ud83d \udd25 http://t.co/bcYnbQJNbf,9.312377,123.30408100000001,0,9.0,123.0
n,True, Got my package!!!! \ud83d \ude0d \ud83d \ude0d \ud83d \ude0d \ud83d \ude0d \ud83d \ude0d \ud83d \ude0d \ud83d \ude0d \ud83d \ude0d \ud83d \ude0d \ud83d \ude0d ,9.31432,123.30501000000001,0,9.0,123.0
n,True, Leche. Bigla kong naalala ang Truth or Dare \ud83d \ude33 \ud83d \ude33 \ud83d \ude33 \ud83d \ude01 \ud83d \ude06 \ud83d \ude48 \ud83d \ude4a,9.313211,123.275856,Cebuano,9.0,123.0
n,True, @sxphiiasticated: Ang dami kay Kath. And dami kay DJ. Tas meron pa yung by loveteam. Ano na????,9.31321,123.275857,0,9.0,123.0
n,True, -________-,9.313211,123.275856,0,9.0,123.0
n,True, @DeannieMarice @fffranchescaaa @Jyemmm wala ko kblo.,9.303214,123.266547,0,9.0,123.0
n,True, @BernardoBabyyy: HHWITT (Holding Hands While In The Train) \n #KathNieASAPPop \n KathNiel POPboritong Loveteam ~ \ud83d \udd34 http://t.co/1VErHV2KTQ,9.313211,123.275857,Cebuano,9.0,123.0
n,True, @Stylessgirlx done. \ud83d \ude4c \ud83d \ude0a \ud83d \ude0a,9.26856,123.242943,0,9.0,123.0
n,True, And he is starting rapping Animals by @maroon5,9.312316000000001,123.30401200000001,0,9.0,123.0
n,True, Afrojack xx,9.316971,123.304042,0,9.0,123.0
n,True, Waiting for classes to start. (@ Silliman University Science Complex in Dumaguete City Central Visayas) https://t.co/yi92gXaFPq,9.311513,123.306568,0,9.0,123.0
n,True, #Engaged \ud83d \udc8d \ud83d \udc9e \ud83d \udc98 http://t.co/GZo1eqsL1c,9.312305,123.30750800000001,0,9.0,123.0
n,True, Oh life. When will I ever get enough of you,9.312437,123.306298,0,9.0,123.0
n,True, @Fact: People become extremely honest awkward weird and or personal during the late night/early morning. Like me \ud83d \ude0a,9.305826,123.30012099999999,0,9.0,123.0
n,True, Let's get this day started with a smile \ud83d \ude04,9.284165,123.290081,0,9.0,123.0
n,True, @FunnyPinoyQuote: Once upon a time \n I met you. \ud83d \udc6b \n I fell in love. \ud83d \udc91 \n You left. \ud83c \udfc3 \n I \u2019m broken. \ud83d \udc94 \n  \n The end.,9.31321,123.27585800000001,Cebuano,9.0,123.0
n,True, Many local artists have albums lucky for them \u270cI'm like singing in karaokes recording covers hoping for my dream to be realized. Haha. \ud83d \ude09,9.306389,123.30242,0,9.0,123.0
n,True, I'm at Caf \u00e9 Espresso @ Qyosko in Dumaguete City Central Visayas https://t.co/6nRzIqDJyS,9.303808,123.308144,0,9.0,123.0
n,True, Maytag na ulanan ka. Mehehehe. \ud83d \ude08,9.290432000000001,123.300071,0,9.0,123.0
n,True, Happening now! #VYLH @ Plaza Maria Luisa Suites Inn http://t.co/9I43UPulKj,9.306397,123.30836399999998,0,9.0,123.0
n,True, @Freakinkristine: WTHHH PARANG WEDDING GOWN YUNG SUOT NI KATH HUHU DJ you should've worn a tux http://t.co/0T6r1HbGEf,9.313211,123.275857,Tagalog,9.0,123.0
n,True, Yeah..,9.285523,123.290888,0,9.0,123.0
n,True, LDR is hard but with love... come on its still hard. HAHAHAHAHAHA,9.313855,123.301604,0,9.0,123.0
n,True, :):):):):):),9.316728999999999,123.30617600000001,0,9.0,123.0
n,True, Maybe it's wrong to say please love me too \n Because I know you'll never do \ud83d \udc80,9.279187,123.24183000000001,0,9.0,123.0
n,True, I'm at berg's nest https://t.co/SKMCUQAAS0,9.295389,123.275641,0,9.0,123.0
n,True, Good food with good company \ud83c \udf6e \ud83c \udf79 \ud83d \udc2c @ Abby's by Pinky Coffee and Sweets http://t.co/BU01g3v55w,9.306194999999999,123.30861999999999,0,9.0,123.0
n,True, Ayo? Abre ang cashier?,9.311613000000001,123.30202299999999,Cebuano,9.0,123.0
n,True, Natatawa ako sakanila \ud83d \ude01,9.313211,123.275857,0,9.0,123.0
n,True, November pgni pero fully booked na. Saon nlg \ud83d \ude29 \ud83d \ude29 \ud83d \ude29,9.300004,123.289176,Cebuano,9.0,123.0
n,True, Brownout! (@ Caf \u00e9 Mamia in Dumaguete City Central Visayas) https://t.co/Mv6EQKpCWi,9.308005999999999,123.308952,0,9.0,123.0
n,True, Balik ta Funshop soon I'm missing Teacher Jedddd HAHAHA \ud83d \udc9b @JairKees0017,9.279187,123.24183000000001,Cebuano,9.0,123.0
n,True, @imgwenaykn: Haters Gonna Hate Hate Hate Hate Hate. \ud83c \udfa7,9.313211,123.275857,0,9.0,123.0
n,True, @TrishaGaile ooooh maayo na. Haha la mo ga laag2 diay nilang gillian anthony dha? Haha,9.305557,123.30488100000001,0,9.0,123.0
n,True, I still try to remember my last words tp you. How wrong was I? I was angry and unforgiving. But I tried to get you back to the right path.,9.283866,123.250973,0,9.0,123.0
n,True, Matulog nako unya na sad. Bye,9.313855,123.301604,Cebuano,9.0,123.0
n,True, Afternoon shift! \ud83d \ude01 (@ Silliman Medical Center in Dumaguete City Central Visayas) https://t.co/aKFKoZwHYH,9.316773,123.304156,0,9.0,123.0
n,True, here in humanity room \ud83d \udc69 waiting for the class to start at 8:15. I'm not in the mood \ud83d \ude14,9.305786,123.300048,0,9.0,123.0
n,True, :D ,9.286236,123.264649,0,9.0,123.0
n,True, Yung feeling nga ikaw ray 1st year sa inyo klasi PLUS ikaw rapoy med tech... Yay,9.310744,123.307375,Tagalog,9.0,123.0
n,True, @abscbndotcom Hanggang kelan ba kami maghihintay na magkaron ng MMK ang KathNiel? 3 years na po sila for pete's sake pero wala pa rin? \ud83d \ude12 \ud83d \ude12,9.313211,123.275857,Tagalog,9.0,123.0
n,True, I'm at Ted's La Paz Batchoy in Dumaguete City Philippines https://t.co/mqiVyd94ne,9.29898,123.30318700000001,0,9.0,123.0
n,True, I'm so bored. Kill me. \ud83d \ude11 @ Dumaguete City http://t.co/hvQml6SJjP,9.303651,123.308051,0,9.0,123.0
n,True, New message arrived,9.313211,123.275856,0,9.0,123.0
n,True, I hate everything about you. Why do i love you?,9.301035,123.294684,0,9.0,123.0
n,True, @KATHNIELSpikers: Get ready for ASAP Pop Awards. 6 nominations! \ud83d \udc2d #KathNielASAPPop,9.313211,123.275857,0,9.0,123.0
n,True, sembreak pero walai laag2 -.-,9.286241,123.264661,Cebuano,9.0,123.0
n,True, When life is too hard to stand KNEEL. #faith @ Dumaguete Cathedral http://t.co/dIElWzrAHL,9.3054,123.30763799999998,0,9.0,123.0
n,True, Back Hug \ud83d \ude2d \ud83d \ude0d \ud83d \ude0d \ud83d \ude0d \ud83d \ude0d \ud83d \ude0d \ud83d \ude0d \u2764 \u2022 KathNiel Phenomenal Box Office Loveteam \ud83d \ude3b \ud83d \ude2d \u2764 \ufe0f http://t.co/1in0jsNBSX,9.313211,123.275857,0,9.0,123.0
n,True, Raining + ice cream = lamiiiii :))) http://t.co/7qwgyejiZg,9.312366,123.307473,Cebuano,9.0,123.0
n,True, Holy shit I'm acting so dumb,9.312358999999999,123.304051,0,9.0,123.0
n,True, @ohteenquotes: My life isn't perfect but I'm thankful for everything I have.,9.309954,123.28304299999999,0,9.0,123.0
n,True, @stenosisguy @Sarhentotero saraaaaap!,9.285522,123.290888,0,9.0,123.0
n,True, Ay nag follow up text gali siya hahaha awww miss u mama \ud83d \ude1a \ud83d \ude2d \ud83d \ude02,9.314617,123.306123,Cebuano,9.0,123.0
n,True, Still sick like wtf. -_-,9.309483,123.30042900000001,0,9.0,123.0
n,True, \ud83d \udc2f \ud83d \udc2f \ud83d \udc2f,9.287686,123.24446,0,9.0,123.0
n,True, This headache is killing me &gt;.&lt;,9.286211,123.26461499999999,0,9.0,123.0
n,True, Finally \ud83d \ude2d http://t.co/pToGGHt9PP,9.314309,123.305623,0,9.0,123.0
n,True, Kaya kaha ni nako??? \n All major subjects except \u2026 http://t.co/U9SbmbTwAS,9.313463,123.307053,Cebuano,9.0,123.0
n,True, Stay focused pls huehue,9.294281,123.28537800000001,0,9.0,123.0
n,True, @teamKATHNIEL followback \u263a,9.31321,123.27585800000001,Cebuano,9.0,123.0
n,True, So so what!,9.296555,123.29415800000001,0,9.0,123.0
n,True, Gusto ko ying kulay ng buhok ng KZ \ud83d \ude04,9.313211,123.275856,0,9.0,123.0
n,True, \u314b \u314b \u314b \u314b \u314b \u314b \u314b \u314b \u314b \u314b,9.287915,123.269025,0,9.0,123.0
n,True, Today is a good day. (If I spend it in bed),9.313257,123.304194,0,9.0,123.0
n,True, Route 94 xx,9.316835000000001,123.30386000000001,0,9.0,123.0
n,True, Mang hulga paka? Haha cge go padauna.,9.306578,123.29968899999999,Cebuano,9.0,123.0
n,True, Wala pa jud sya nahumans plane surveying haha,9.312316000000001,123.30401200000001,Cebuano,9.0,123.0
n,True, No class til 2pm halp its so boring \ud83d \ude29,9.315546000000001,123.30475,0,9.0,123.0
n,True, @franceschristi naa kui chikaaa,9.312191,123.30674499999999,0,9.0,123.0
n,True, It's just 7:30 in the morning and this day is already turning into the worst I've had in a while. Ugh. Nasusuka pa ako ngayon. Ugh.,9.306246,123.298874,Tagalog,9.0,123.0
n,True, Sick. Ugn,9.305557,123.30488100000001,0,9.0,123.0
n,True, #happy ,9.286237,123.264649,0,9.0,123.0
n,True, @kriemheldonline Oo! HAHA. Nanawag to sha gabie,9.310514,123.307053,0,9.0,123.0
n,True, Bus ride back to Ceb. \ud83d \ude8b \ud83d \udca4,9.307327,123.30471399999999,0,9.0,123.0
n,True, \u201c@Cum_n_mybooty: ' \n Retweet this if you follow back. \u201d,9.26856,123.242943,0,9.0,123.0
n,True, @imleeegwaras: Pop Male Artist - Daniel Padilla \n POP MA A - 2331 Vote \ud83d \udc29 http://t.co/Rs3lGpnt7M http://t.co/PaQmrqzHOb ,9.313211,123.275857,0,9.0,123.0
n,True, Drained...,9.293572,123.276924,0,9.0,123.0
n,True, Mor-night \u26c5,9.279187,123.24183000000001,0,9.0,123.0
n,True, @edselsays wai blema kuya :)),9.280201,123.286226,0,9.0,123.0
n,True, 20 text ra man day akong load. Bwahaha. Maong dile na maka-send. Ahh samoka!! \ud83d \ude02 \ud83d \ude02 \ud83d \ude02,9.312316000000001,123.30401200000001,Cebuano,9.0,123.0
n,True, Sam Smith xx,9.316922,123.30378,0,9.0,123.0
n,True, @imbeatriz26: 6 categories and he's nominated in each category. We're so proud of you J \ud83c \udf89 \ud83d \ude18 \ud83d \udc2f #KathNielASAPPop,9.313211,123.275857,0,9.0,123.0
n,True, Haaaaaayyy ,9.314616000000001,123.306123,0,9.0,123.0
n,True, @ForeverDANIEL26: Ipakita ang SOLID at TIBAY ng samahan! \ue404 Ginagawa na natin for the past 4 years double triple effort ang kelangan! \ue00d,9.313211,123.275856,Tagalog,9.0,123.0
n,True, #tungodrjudnimu ,9.286237,123.264649,0,9.0,123.0
n,True, Ayaw ug balhin pleth. #bangonlovelife \ud83d \ude2a \ud83d \ude2a \ud83d \ude2a \ud83d \ude2a \ud83d \ude2a \ud83d \ude2a,9.311246,123.306626,Cebuano,9.0,123.0
n,True, Its a beautiful sunny flyday and im an early bird. \ud83d \ude01 (@ iUseDito.Shop in Dumaguete City Neg. Oriental) https://t.co/P5TdfOdspC,9.303509,123.30783999999998,0,9.0,123.0
n,True, Samurai Salmon. Oishikatta desu ka. \ud83d \ude18 \ud83d \ude33 \ud83d \ude33 @ K.R.I. http://t.co/fFgte4WTXR,9.310172999999999,123.306817,Cebuano,9.0,123.0
n,True, Luis: KathNiel Back to Back!  \n  \n *crowd screams* #KathNielASAPPop \ud83d \ude0d \ud83d \udc2d \ud83d \udc2a,9.313212,123.27585800000001,0,9.0,123.0
n,True, @ThriIIuminati: i hate when people know were not on good terms but try to act like nothings wrong bitch i dont like you right now,9.314649000000001,123.30610800000001,0,9.0,123.0
n,True, Follow @AwesomeTrixia01 \ud83d \ude0a,9.313211,123.275857,0,9.0,123.0
n,True, Meiko xx,9.316626,123.30392900000001,0,9.0,123.0
n,True, @Estrada21Karla: Ayan guys!!! Asap choice awards na naman ha! Pakita tayo ng BANGIS at SOLID NA SAMAHAN!!! \ud83d \udcaa \ud83d \udcaa \ud83d \udcaa \ud83d \udcaa \ud83d \udc25 \ud83d \udc2d \ud83d \udc2d \ud83d \udc2d RT,9.313211,123.275856,Tagalog,9.0,123.0
n,True, @lecahbabe haha lamia rapug ako to xD &lt;3,9.294189999999999,123.29734599999999,0,9.0,123.0
n,True, @hdibwattpad @heyimsofhia ang layo lang ng mukha \ud83d \ude02 \ud83d \ude02 maganda talaga si kath \ud83d \ude02 \ud83d \ude02 si N ewan ko nalang \ud83d \ude02 \u270c \ud83d \ude4a,9.313211,123.275857,0,9.0,123.0
n,True, @gwenxvillapando: \u201c@REAL_TALK: Friendship without bullying is boring. \u201d \ud83d \ude02,9.313212,123.27585800000001,0,9.0,123.0
n,True, I'm at Robinsons Movieworld in Dumaguete City Negros Oriental https://t.co/yKeFHH90LJ,9.298253,123.30449499999999,0,9.0,123.0
n,True, \ud83c \udf04,9.284165,123.290081,0,9.0,123.0
n,True, Mao gyud ni akng gnhan ni Atillo \ud83d \ude14 \ud83d \ude12 \ud83d \ude2d http://t.co/I59WgBwlBT,9.311221000000002,123.306702,0,9.0,123.0
n,True, KathNiel Wattpad King and Queen \ud83d \udcab Powertweet KN's!,9.313212,123.27585800000001,0,9.0,123.0
n,True, :: ugggh! MiNor hEadaChe fiRst thinG iN tHe mOrninG.,9.298435000000001,123.30753600000001,0,9.0,123.0
n,True, Walks out from the bathroom feeling sexy like @BeePrinsloo :3 #sorrynotsorry,9.309891,123.283054,0,9.0,123.0
n,True, Feeler bayhana! Lechhhhh ha,9.305372,123.300726,Cebuano,9.0,123.0
n,True, @Immharvic: Pop Male Artist - Daniel Padilla \n Pop Song - Simpleng Tulad Mo \n Pop Album - I Heart You #KathNielASAPPop,9.313211,123.275856,0,9.0,123.0
n,True, Occidental-western \n Oriental-east \n  \n Cool yo cool. Im an Easterner.,9.308258,123.30465900000002,0,9.0,123.0
n,True, I just shaved \u00a4,9.316335,123.307432,0,9.0,123.0
n,True, I tried the app camie juan style lolz @camiejuan #notevenclosetho http://t.co/z0wzjQN60l ,9.314621,123.306122,0,9.0,123.0
n,True, i want to be nice to you bcuz i dont want to be mean to anyone but I cant I just dont like you #askacacia,9.313141,123.297545,0,9.0,123.0
n,True, good mooorning :3,9.286239,123.264657,0,9.0,123.0
n,True, @babycharry hahaha bitaw2 :) mmm oo Cha :)))) ,9.309892,123.283054,0,9.0,123.0
n,True, @imleeegwaras: 17 nominations!!!! \ud83d \udcaa http://t.co/Rs3lGpnt7M #KathNielASAPPop,9.313211,123.275857,0,9.0,123.0
n,True, @Louis_Tomlinson: Seen so much support for the EMA's !! Doesn't go unnoticed thank you so much everyone !! :) yay :),9.31605,123.29258200000001,0,9.0,123.0
n,True, #NTC done!,9.316083,123.304197,0,9.0,123.0
n,True, Lego house. \ud83d \udc2c @ Robinsons Place Dumaguete http://t.co/XvL1RKQBae,9.298492,123.303381,0,9.0,123.0
n,True, Ya bishhh @TheSexology: A girl KNOWS when a bitch likes her boyfriend \ud83d \ude34 \ud83d \udc50,9.312891,123.301875,0,9.0,123.0
n,True, Moment within a moment. \n #couple #love #dewchell @ Tabuctubig Dumaguete Philippines http://t.co/KoTiUtgZy7,9.3,123.3,0,9.0,123.0
n,True, @HoyAnakNgDyosa bodies intertwined with her lips \ud83d \ude02,9.313213000000001,123.275856,Cebuano,9.0,123.0
n,True, Employed but di nako feel ambot!,9.30693,123.299097,Cebuano,9.0,123.0
n,True, @Immharvic: This is the time where we can see how KNs are united! \ud83d \udc2a #KathNielASAPPop,9.313211,123.275856,0,9.0,123.0
n,True, #japanese #tea &amp; #complementary salad... #waiting for... (See next post of #MIFUNEdumaguete!) \u2026 http://t.co/rVl5SX5cfZ,9.30841,123.30878,0,9.0,123.0
n,True, But if you close your eyes,9.287915,123.269025,0,9.0,123.0
n,True, Can I really do it? Haays.,9.280959,123.24398000000001,0,9.0,123.0
n,True, Ngayon ko lang narealize madumi kamay ko dahil kay Rocky kanina. \ud83d \udc3a,9.29429,123.285351,Tagalog,9.0,123.0
n,True, 45lbs + 45lbs = 90lbs dumbbell. NOT BAD for today. \ud83d \udcaa \ud83d \ude1c @ Madrigal Fitness Gym http://t.co/bf8UpdhZ0p,9.290965,123.302343,0,9.0,123.0
n,True, @lostscars: Write about the day they left http://t.co/nzsH7WYxcc,9.315539,123.304721,0,9.0,123.0
n,True, @imdanielpadilla @bernardokath I REALLY MISS YOU GUYS!!! \ud83d \ude1e sana balik na kayo sa Primetime \ud83d \ude4f \ud83d \ude4f I LOVE YOU!!! \ud83d \udc8b \u2665,9.299819,123.29375300000001,Tagalog,9.0,123.0
n,True, @imleeegwaras: Pop Soundtrack Album - Got To Believe \n Pop Sound B - 2331 Vote \ud83d \udc29 http://t.co/Rs3lGpnt7M http://t.co/bFS7fvxsoJ ,9.313211,123.275856,0,9.0,123.0
n,True, Bungisngis. Hahahah,9.285523,123.290888,Cebuano,9.0,123.0
n,True, @shashleyyy: daniel padilla \n simpleng tulad mo \n got to believe soundtrack \n kathryn bernardo,9.313211,123.275856,0,9.0,123.0
n,True, i'm starving help,9.310779,123.307383,0,9.0,123.0
n,True, @teamKATHNIEL: Simpleng Tulad Mo vs. Till I Met You. Sinong pipiliin ko? Hahahahaha,9.313211,123.275857,0,9.0,123.0
n,True, Maayong buntag eyebags mu dha eyebags!! \ud83d \udc2a,9.31677,123.30496200000002,Cebuano,9.0,123.0
n,True, At least I can change the way I look. Nya kamo? Can you change your personality?,9.316855,123.301404,Cebuano,9.0,123.0
n,True, Creating idea on my mind to what to tell about my me. #UniversityDiary \ud83d \udcdd,9.312444000000001,123.304097,0,9.0,123.0
n,True, Rain day off plus this type of music... @Spotify http://t.co/UocxmCXHkh,9.311272,123.30543700000001,0,9.0,123.0
n,True, His bday greetings was so unexpected and it made my morning :),9.309954,123.283041,0,9.0,123.0
n,True, Getting ready for school.,9.31678,123.304978,0,9.0,123.0
n,True, DMS http://t.co/fZwAnUGOL0,9.304969999999999,123.30009199999999,0,9.0,123.0
n,True, Sige padayuna kay feel naman pod nimo na ikaw ang bida. Feeling estudyante pud ka. Ikaw nalay skuyla para nako o?,9.312885000000001,123.301914,Cebuano,9.0,123.0
n,True, Lagi kong nakikita yung lyrics sa wp pero di ko alam ang title \ud83d \ude2d \ud83d \ude0f,9.313211,123.27585800000001,Tagalog,9.0,123.0
n,True, :: thEse aRe mY savioUr! ThanK yOu fOr kEepinG me Up aLL noGht \ud83d \udc2d #Chocolates #Hersheys #SweetTooth @ \u2026 http://t.co/9kj4UE9TFC,9.298427,123.307546,0,9.0,123.0
n,True, And the song A thousand years just had to play while I was holding back the tears from falling \ud83d \ude22,9.312882,123.301883,0,9.0,123.0
n,True, @ProudKathNiel: Kathryn Bernardo everybody \ud83d \ude2d \ud83d \ude0d \u2764 \u2764 \u2764 \ud83d \ude0d \ud83d \udc98 \ud83d \udc20 credits john valle's IG -P http://t.co/bTCibrUzAy,9.313211,123.275856,0,9.0,123.0
n,True, Oh em geeeeh. This is like the most sarap meatloaf I have ever made lasa ever! Darla you should try \u2026 http://t.co/ny625rGJdw,9.299727,123.30293300000001,Tagalog,9.0,123.0
n,True, #Repost from mifunedumaguete: \n This #Friday #GlowParty at #WhyNotDisco #dumaguetecity Start the \u2026 http://t.co/ogc81P0n2k,9.307509,123.309762,0,9.0,123.0
n,True, The Classic Sans Rival Spaghetti + lemonade #latelunch \ud83c \udf5d \ud83c \udf78 (@ Sans Rival Cakes &amp; Pastries) https://t.co/MhcTsDoWhQ http://t.co/wQbc2oUM3D,9.298842,123.30341499999999,0,9.0,123.0
n,True, There are times when I just want to feel your embrace in the cold night.,9.279187,123.24183000000001,0,9.0,123.0
n,True, You're creeping me out \ud83d \ude30,9.313038,123.306983,0,9.0,123.0
n,True, @LindsayAlana_ asa d i ka. Haha,9.306579,123.29968899999999,0,9.0,123.0
n,True, Egg Cocotte Cream and Bacon \ud83d \ude0d @ The Rollin' Pin http://t.co/mzSZNJN0uw,9.305505,123.30637,0,9.0,123.0
n,True, @hdibwattpad: @clairerosillo07 @heyimsofhia juice colored ang ganda ganda ni Kath eh \ud83d \udc81 \ud83d \udc2d \ud83d \ude02 masyadong trying hard ang iba \ud83d \ude02 \ud83d \ude02 \u270c \ud83d \ude4a,9.313213000000001,123.275857,Tagalog,9.0,123.0
n,True, Finally at cashier office na. Whoo #EngineeringLife,9.313097,123.299674,Cebuano,9.0,123.0
n,True, Pancit canton! Hay kalami!!,9.296539,123.29415900000001,0,9.0,123.0
n,True, @imshairapadilla ohmyG!!!! Bunso!!! \ud83d \ude2d \ud83d \ude2d ang ganda ng boses ni Kath!!! Grabe!! \ud83d \ude0d @bernardokath,9.268015,123.293094,Tagalog,9.0,123.0
n,True, @Freakinkristine: That gown looks like a wedding gown oh my god http://t.co/C0TYHWZksF,9.313211,123.275857,0,9.0,123.0
n,True, Yessss ulan pa more,9.316736,123.30400900000001,Cebuano,9.0,123.0
n,True, Everybody's ready for the BTS concert \ud83d \udc94,9.29429,123.285351,0,9.0,123.0
n,True, Lip Sync \ud83d \ude02,9.313211,123.275857,0,9.0,123.0
n,True, Lakra Tinta \u2712,9.312316000000001,123.30401299999998,0,9.0,123.0
n,True, @babyELRlCK: We can do this KathNiels! \ud83d \udcaa \ud83d \udc2d #KathNielASAPPop,9.313211,123.275857,Cebuano,9.0,123.0
n,True, @BTS_twt: \uc0c1 \uc5b4 \uc778 \uc9c0 \uacf5 \ub8e1 \uc778 \uc9c0 \ubb50... \uc5ec \ud2bc \uc7a1 \uc544 \uba39 \ud788 \ub294 \uc911 http://t.co/NmSBD3Wl9I \n  \n My baby suga is so fab. \u2764,9.291671000000001,123.27924499999999,0,9.0,123.0
n,True, @__themanu Opo... Daghan lang amung sakit sa dughan. Hahahaha,9.313097,123.30694199999999,0,9.0,123.0
n,True, Corrupting puppies!! I cannot withhhhh!,9.299163,123.29323000000001,0,9.0,123.0
n,True, Busuga!! \ud83d \ude0b \ud83d \ude0b,9.296555,123.29415800000001,0,9.0,123.0
n,True, @Estrada21Karla followback tita k \ud83d \ude0a,9.313211,123.275857,Cebuano,9.0,123.0
n,True, Rough day \ud83d \ude2a,9.287571,123.244444,0,9.0,123.0
n,True, Sila nang mata na. Ako matulog pa. \ud83d \ude02,9.279187,123.24183000000001,0,9.0,123.0
n,True, \u201c@PINOY_QUOTES: I'm not fat Im so pretty that God made me bigger for all of you to see. \u201d Paraparaan haha,9.296536999999999,123.294196,Cebuano,9.0,123.0
n,True, @Emirbheb: Pop Male Artist - Daniel Padilla \n Pop Song - Simpleng Tulad Mo \n Pop Album - I Heart You \ud83d \udc2d \ud83d \udc2f \ud83d \udc6b \ud83d \udc95 \ud83d \udc9c \ud83d \ude0e#KathNielASAPPop,9.313211,123.275856,Cebuano,9.0,123.0
n,True, Proud to be a Volunteer Youth Leader for Health \ud83d \udc2c @ Plaza Maria Luisa Suites Inn http://t.co/674UbjLC6n,9.306397,123.30836399999998,0,9.0,123.0
n,True, Moka oi!,9.296552,123.294183,0,9.0,123.0
n,True, @KNInfinities: \u2022 KathNiel POPboritong Loveteam \u2022 http://t.co/NDMfE2fxdf,9.31321,123.27585800000001,Cebuano,9.0,123.0
n,True, Srsly tho. I miss my parents and my sister and the cheap food. And my bed. MY FUCKING BED.,9.314644,123.30611599999999,0,9.0,123.0
n,True, @Emirbheb: Serious Si DJ pero Ang kamay \ud83d \udc6b \ud83d \ude2d \ud83d \ude0d \u2764 \ufe0f \u2764 \ufe0f \ud83d \udc95 \u00a9 @crissyv1 #KathNielASAPPop http://t.co/WSvD05e68i \ud83d \ude2d \ud83d \ude2d \ud83d \ude0d omknh,9.313211,123.275857,0,9.0,123.0
n,True, Today was fun without them. \ud83d \udc2c \ud83d \udc2c,9.316661999999999,123.301355,0,9.0,123.0
n,True, Hands down \ud83d \ude2d \ud83d \ude2d \ud83d \ude2d http://t.co/Xlgse7fQjL,9.312884,123.30191599999999,0,9.0,123.0
n,True, Mag lagot jod ko anang mga suhiran -_-,9.306578,123.29968999999998,0,9.0,123.0
n,True, Nakakatuwa may ud lagi ang msg \ud83d \ude01,9.313211,123.275857,Cebuano,9.0,123.0
n,True, @bernardokath @imdanielpadilla STAY STRONG BOTH OF YOU \ud83d \udc8b \u2665 \ud83d \ude18,9.299819,123.29375300000001,0,9.0,123.0
n,True, Wtf?!?!?!!?!?,9.316730999999999,123.30617600000001,0,9.0,123.0
n,True, I'm at Zanzibar in Dumaguete City Negros Oriental 6200 https://t.co/rppDWcAYfw,9.308091000000001,123.309253,0,9.0,123.0
n,True, @RuthPablico sagot sa ano.??:),9.299819,123.29375300000001,0,9.0,123.0
n,True, @heyimsofhia: @hdibwattpad @clairerosillo07 masuklam nman kayo kung sasabihin niyong maganda si nadz okay? hahahahaha \ud83d \udc2d \ud83d \ude02,9.313212,123.27585800000001,0,9.0,123.0
n,True, @Freakinkristine: babe let's get outta here http://t.co/kPzxN22WUY,9.313211,123.275857,0,9.0,123.0
n,True, Such a tiring day,9.310139999999999,123.308151,0,9.0,123.0
n,True, Charger gone missing \ud83d \ude33,9.287686,123.24446,0,9.0,123.0
n,True, @DANIELKaBarkada: HINDI NA PWEDE ANG SALITANG KAMPANTE NGAYON KATHNIELS! \ud83d \ude01,9.313211,123.275857,Tagalog,9.0,123.0
n,True, @itsBlairWaIdorf: if my mom ever wants to get Twitter http://t.co/e5kuNiHVna HAHAHA. In ani ra diay \ud83d \ude09,9.288162,123.29438700000001,Cebuano,9.0,123.0
n,True, @GotToBelieveFP: I can't breathe \ud83d \ude0d - \ud83d \udc7b \ud83d \udc81 http://t.co/Pvr9xjmfEi,9.313211,123.275857,0,9.0,123.0
n,True, Alone but blessed... \n Thank you Lord God for the blessings... \n \ud83d \ude4f \ud83d \ude4f \ud83d \ude4f \ud83d \ude4f \ud83d \ude4f \n \ud83d \ude0a \ud83d \ude0d \ud83d \ude0d \ud83d \ude0d \ud83d \ude04 @ The Bean \u2026 http://t.co/s74AONCrMy,9.30827,123.307635,0,9.0,123.0
n,True, @ShitHappensDre: Just go with the fucking flow.,9.313211,123.275857,Cebuano,9.0,123.0
n,True, @KathDevotees: No other POP CELEBRITY CAMEO for us but you A. KATHRYN BERNARDO! \n  \n #KathrynBernardoASAPPop \ud83c \udfb6 \ud83c \udfac http://t.co/wGoNyRhBfJ,9.313211,123.275857,0,9.0,123.0
n,True, Just looked up IUCN status for 204 spp of cartilaginous fishes. Excuse me while I recover fr the brain explosion that just happened.,9.3128,123.305415,0,9.0,123.0
n,True, @ProudKathNiel: Binigay na lang ata ni DJ kay Kath yung Camou \ud83d \ude0a \ud83d \udc95 -P http://t.co/Ptt0ygZN4o,9.313211,123.275857,0,9.0,123.0
n,True, Hayyyy almost a month gid ko wala kabalik sa fav places ko d sa dumaaa! Halokan ko gd n ang kada dalan nga malabyan ko HAHAHAHA PATE,9.316728,123.306175,Cebuano,9.0,123.0
n,True, Gods and monsters by elsa,9.316728999999999,123.306175,0,9.0,123.0
n,True, @imjacobanderson: i love you to bits and pieces my brat bride mahal ko at nag iisang reyna beb ko :***** @imcandicesuarez \ud83d \ude0d \ud83d \ude0d,9.313211,123.275856,Cebuano,9.0,123.0
n,True, Even the intelligent in Trigo failed in Algebra Aha never thought of it,9.311895,123.30248999999999,0,9.0,123.0
n,True, Wanna study no more but damn I gotta make use of the time wisely so I'm taking my bath this early. ;),9.309891,123.283054,0,9.0,123.0
n,True, Kay gi kapoy na ko tinu.on/bored. \n Here it goes my antidote. \u270c \u270c \u2661 \u2661 \u2655 \n  \n #SorryNotSorry for my #Selfie \u2026 http://t.co/APETPKD0Fa,9.31241,123.294895,Cebuano,9.0,123.0
n,True, Trying to adjust to my new life in this province. It feels really weird. I am still not used to not having you around.,9.283866,123.250973,0,9.0,123.0
n,True, I'm at Fuel Bar in Dumaguete City Central Visayas https://t.co/fLGJnz5bWz,9.316638000000001,123.307061,0,9.0,123.0
n,True, @imjacobanderson: sorry sa lahat ng kagaguhan na nagawa ko sayo. mahal na mahal kita reyna beb :** @imcandicesuarez,9.313211,123.275857,0,9.0,123.0
n,True, @imleeegwaras: Pop Fans Club - KathNiel \n Pop Fans A - 2331 Vote \ud83d \udc29 http://t.co/Rs3lGpnt7M http://t.co/ZcWdlqhlEE ,9.313211,123.275856,0,9.0,123.0
n,True, Hello Sembreak.,9.311253,123.307565,0,9.0,123.0
n,True, @Emirbheb: Audience excuse me \ud83d \ude2d \ud83d \ude2d u've been #KathNielZoned !! \ud83d \udc6b \ud83d \ude0d \ud83d \udc95 \ud83d \ude0d \u263a \ufe0f \u00a9 http://t.co/kPzxN22WUY,9.313211,123.275856,0,9.0,123.0
n,True, @NovanChris17 solitana ni.hisgot bya to cia sauna nga magtabanganai rnang mga BC 11 teachers ug himo ug test haha,9.286239,123.264651,Cebuano,9.0,123.0
n,True, Stop looking at boys' butts,9.316736,123.30400900000001,0,9.0,123.0
n,True, All these screamos got me like aaaaaaaah,9.301035,123.294684,0,9.0,123.0
n,True, http://t.co/ccplHSD4eM,9.313211,123.275857,0,9.0,123.0
n,True, i wish feelings left when a person does.,9.312232,123.30457,0,9.0,123.0
n,True, Chill \ud83d \ude0a,9.313211,123.275857,0,9.0,123.0
n,True, Feeling better now. Yehey! \ud83d \ude4c \ud83d \udc2d,9.297711,123.299225,0,9.0,123.0
n,True, To say it hurts so much would be an understatement because.... I forgot how to read drum tabs \ud83d \ude35 \ud83d \ude02,9.279187,123.24183000000001,0,9.0,123.0
n,True, Thank you for another beautiful day Lord! \ud83d \ude04,9.297711999999999,123.299223,0,9.0,123.0
n,True, \u2665 \u2661 @ Dumaguete City http://t.co/3pLcglr5Rj,9.303651,123.308051,0,9.0,123.0
n,True, @sarahgofficial_ LOL. You don't need to that po. Please don't. It's okay yung user naman yung nag copy eh. \ud83d \ude0a,9.306389,123.30242,Tagalog,9.0,123.0
n,True, Stay Focus pls huehue,9.294281,123.28537800000001,0,9.0,123.0
n,True, @LindsayAlana_ nauli namu love?,9.306885000000001,123.299152,Cebuano,9.0,123.0
n,True, Lunch was deliiiiish \ud83d \udc2c ,9.314614,123.306128,0,9.0,123.0
n,True, homeless jobless pero smile dyapun si toto ah \ud83d \ude0c @ Dumaguete City http://t.co/Hplo3YTkt3,9.303651,123.308051,Cebuano,9.0,123.0
n,True, Kaon ta kay gapagot ko hahahahahehewiooohhhgrabe,9.316728999999999,123.306175,0,9.0,123.0
n,True, You act as if badass kaayo ka pero in reality you're just pikon af. \ud83d \ude02 \ud83d \udc2f \ud83d \udc2c,9.316859,123.301414,Cebuano,9.0,123.0
n,True, This song \u2764 \u2764 \u2764 http://t.co/M3mQuu8yhv,9.280178,123.285777,0,9.0,123.0
n,True, Manlimpyo bia unta ko'g kwarto run pero \n 1. late ko kamata \n 2. gipatabang kos gawas \n 3. gikapoy ko \n 4. katulugon nako,9.302128,123.29154199999999,Cebuano,9.0,123.0
n,True, @imleeegwaras: A - A - A - B - A - A. #KathNielASAPPop,9.313211,123.275856,0,9.0,123.0
n,True, I'll start it with a coffee. Good morning! :) @ Silliman University Oriental Hall http://t.co/TeAgfE86St,9.311231,123.305959,0,9.0,123.0
n,True, \ud83c \udf1d \ud83c \udf1d \ud83c \udf1d,9.314296,123.30496200000002,0,9.0,123.0
n,True, naikog ko,9.311076,123.30883100000001,0,9.0,123.0
n,True, \u261d,9.313211,123.275857,0,9.0,123.0
n,True, I LOVE YOU FOREVER!!! \ud83d \udc8b \ud83d \udc8b @bernardokath @imdanielpadilla \u2665 \u2665 \u2665 Stay safe and God Bless!!! \ud83d \ude18,9.299819,123.29375300000001,0,9.0,123.0
n,True, Y is \ud83d \ude0d \ud83d \udc9f \ud83d \udc93 \ud83d \udc95 \ud83d \udc9e,9.312232,123.30457,0,9.0,123.0
n,True, @iiAmStepphy you tagged the wrong person. \ud83d \ude00 \ud83d \ude00 \ud83d \ude00,9.309573,123.307796,0,9.0,123.0
n,True, Whhhaaats wroooong with meeee \ud83d \ude2d \ud83d \ude2d \ud83d \ude2d \ud83d \ude2d \ud83d \udc94,9.316724,123.30356,0,9.0,123.0
n,True, how to pronouce your family name? ahay pd oy \ud83d \ude14,9.310613,123.30708600000001,Cebuano,9.0,123.0
n,True, @IMJDGB: Lola din po ni dj at jc padilla yung nag neneed po g blood donation paki tweet nalang po si @soyyyagoncillo,9.313211,123.275857,Tagalog,9.0,123.0
n,True, Bsta gani labanan ang pikas side .|.,9.287572,123.244444,Cebuano,9.0,123.0
n,True, No more. \ud83d \ude02 \ud83d \udc2c #ilovetherollinpin #vsco #foodporn @ The Rolling Pin http://t.co/QYnJSp9mFX,9.311455,123.30767800000001,0,9.0,123.0
n,True, @SolidsKathNiels nahospital ba sya.??,9.29982,123.293754,Cebuano,9.0,123.0
n,True, Way angay isulods klasi. I just want to go home and cry it all out \ud83d \ude2d,9.312882,123.301883,Cebuano,9.0,123.0
n,True, You hate me? Well okay grab a chair and wait for me to care.,9.296559,123.29417600000001,0,9.0,123.0
n,True, I used to think I was smart... then calculus happened,9.312755000000001,123.30645600000001,0,9.0,123.0
n,True, Obsessing over chuck and blair again. This will go on forever. Haha,9.288152,123.29438600000002,0,9.0,123.0
n,True, ma.inspired or ma.maoy mode mkarelate jd ta'g kanta pero mas chada nang inspired mode :3,9.286237,123.264649,Cebuano,9.0,123.0
n,True, @imgwenaykn: @ASAPOFFICIAL: Tutok ba kayo!!! Jadine b2b Kathniel #ASAPPop WHAT THE? O_O \ud83d \ude21 \ud83d \ude21 \ud83d \ude21 \ud83d \ude21 \ud83d \ude21 \ud83d \ude21 ANO?! \ud83d \ude24 \ud83d \ude20 \ud83d \ude23,9.313212,123.275857,Tagalog,9.0,123.0
n,True, @TipsForYouDaily: http://t.co/wUI8n3DAml ,9.309892,123.283054,0,9.0,123.0
n,True, Kay kapoi man ug study. Mag Sige ra ko ug FB ani. :),9.293567999999999,123.27701599999999,Cebuano,9.0,123.0
n,True, Wake up wake up early birds. You should thank God it's Friday!!! \ud83d \udc2a \ud83d \ude1c \ud83d \udc2d #selfie @ Peanut World http://t.co/BmCTq67BC6,9.310992,123.30932800000001,0,9.0,123.0
n,True, I'm so glad I found you \n I'm not gonna lose you \n Whatever it takes I will stay here with you. @ \u2026 http://t.co/VUOR0UvIoU,9.310055,123.30936000000001,0,9.0,123.0
n,True, Church Time! (@ Sta. Catalina de Alejandria Cathedral (Dumaguete City Cathedral) in Dumaguete City Philippines) https://t.co/iayysA9YC1,9.305375,123.307124,0,9.0,123.0
n,True, Seelvahnaahsz @ Sans Rival Cakes &amp; Pastries http://t.co/dJpp07vzZK,9.307958,123.309615,0,9.0,123.0
n,True, This is gonna be the worst day of my life that's for sure but still hoping for the best for my birthday! :))))),9.309954,123.28304299999999,0,9.0,123.0
n,True, @KNInfinities: Whyyyyyy?! \ud83d \ude29 \ud83d \ude29 \ud83d \ude29 \ud83d \ude29. So Beautiful. \ud83d \ude18 \ud83d \ude17 \ud83d \ude1b \ud83d \ude3b - \u2744 \ufe0f http://t.co/WX3dkxo0KV,9.313211,123.275857,0,9.0,123.0
n,True, Wanna cruise on the penny but it's too hot outside,9.315538,123.304721,0,9.0,123.0
n,True, Endless,9.313211,123.275857,0,9.0,123.0
n,True, Meiko xx,9.316982000000001,123.30388300000001,0,9.0,123.0
n,True, @FunnyPinoyQuote: THIS! #TuwingLINGGO http://t.co/fVNMVN6YXh,9.31321,123.27585800000001,0,9.0,123.0
n,True, @fffranchescaaa @iamcjsalvio Taksil :'( \n Huhu &lt;/3 \n Aw haaha,9.310514,123.307053,Cebuano,9.0,123.0
n,True, What room later? @iamcjsalvio @fffranchescaaa @Jyemmm :)),9.310514,123.307053,0,9.0,123.0
n,True, Back in the IPR. \ud83d \udd25 http://t.co/Uyy8Uug8oE,9.312383,123.30408700000001,0,9.0,123.0
n,True, Char oi HAPPY BEYRTDAY SEYR NATSCHZHDNJDNS HAHAHAHAHA http://t.co/sh4YQoyrzD,9.308258,123.30465900000002,Cebuano,9.0,123.0
n,True, do celebrity pets know they're pets of celebrities,9.314296,123.30496200000002,0,9.0,123.0
n,True, Before we get too close just let me say goodbye \ud83d \udc2b http://t.co/p4zOhpF3Pt,9.315785,123.304226,0,9.0,123.0
n,True, Kaning mga kantaha baaaaaa,9.301035,123.294684,0,9.0,123.0
n,True, Catherine you are not God. Therefore there are some things that you just cannot control no matter how hard you try to.,9.31289,123.30189399999999,0,9.0,123.0
n,True, How to pronounce your family name? ahay pod oy \ud83d \ude14,9.310701,123.307092,Cebuano,9.0,123.0
n,True, im just laughing here reading tweets of both fandoms hahaha the #askacacia tho \ud83d \ude02 \ud83d \ude02 \ud83d \ude02 SLAAAAY i dont really like her,9.313141,123.297545,0,9.0,123.0
n,True, @NovanChris17 dali ra kau Nuuubb :D,9.286236,123.264649,0,9.0,123.0
n,True, Math 12. Hmm. (@ Science Complex) https://t.co/J2h43J61Ig,9.311191,123.306908,0,9.0,123.0
n,True, @imleeegwaras: POP Song - Simpleng Tulad Mo (DJP) \n POP SONG A - 2331 Vote \ud83d \udc29 http://t.co/Rs3lGpnt7M http://t.co/JpajijxPor ,9.313212,123.27585800000001,Cebuano,9.0,123.0
n,True, Nakakamiss magtrabaho. Huehue,9.285522,123.290888,0,9.0,123.0
n,True, Listening to Le Awesome @chaelinCL 's The Baddest Female!! Swag X GZB. Too much feels. Can't wait for your upcoming English album \ud83d \ude31 \u270c \ud83d \udc2d,9.306396000000001,123.302424,0,9.0,123.0
n,True, Nice move Esquire. Pretty sure that cover had a subtle message. Daring I might say but aren't you known for that? \ud83d \udc2d,9.311109,123.28841499999999,0,9.0,123.0
n,True, Good Morning Queers! #twink #vscocam #selfie #pinoy @ San Jose Village Banilad Dumaguete City http://t.co/2cUPqJLRm3,9.285808,123.29151399999999,0,9.0,123.0
n,True, Stomach ache \ud83d \ude14,9.316751,123.304928,0,9.0,123.0
n,True, Lunch dl qt (with Ellin and febtian cendradevi at Golden Roy's Tuyok Manok) \u2014 https://t.co/g8CkRmuZnD,9.30434,123.30821,Cebuano,9.0,123.0
n,True, \ud83d \ude12,9.31321,123.27585800000001,0,9.0,123.0
n,True, This is \u2026 http://t.co/QzJ3rGT01D,9.316414,123.302815,0,9.0,123.0
n,True, I dont stalk. I investigate \u270c \ufe0f,9.296539,123.29415900000001,0,9.0,123.0
n,True, @ProudKathNiel: Pop Screen Kiss?! HAHAHAHAH O M G \ud83d \ude02 \ud83d \ude02 \ud83d \ude0d \u2764 \u2764 \u2764 -P http://t.co/ETAryqBar3,9.313211,123.275857,0,9.0,123.0
n,True, I'm not yet ready for school,9.285902,123.26086699999999,0,9.0,123.0
